-- =========================================================
-- SCRIPT DE PEUPLEMENT (SEEDER) - PLANCHE DE NOTES (EIT 2)
-- =========================================================

USE ecole_db;

SET FOREIGN_KEY_CHECKS = 0;
TRUNCATE TABLE note;
TRUNCATE TABLE inscription;
TRUNCATE TABLE affectation_cours;
DELETE FROM etudiant;
DELETE FROM professeur;
DELETE FROM cours;
DELETE FROM classe;
DELETE FROM utilisateur WHERE role IN ('etudiant', 'professeur');
SET FOREIGN_KEY_CHECKS = 1;

-- 1. Année Académique & Classe
INSERT IGNORE INTO annee_academique (id_annee, libelle, est_active) VALUES (2, '2025-2026', 1);
INSERT INTO classe (id_classe, nom_classe, niveau, fk_annee) 
VALUES (10, 'Electronique, Informatique et Télécommunications 2ème année', 'EIT 2 - Semestre 3', 2);

-- 2. Comptes Utilisateurs (Etudiants)
INSERT INTO utilisateur (id_user, email, password_hash, role, actif) VALUES 
(101, 'cisse101@ecole.com', '$2y$10$92IXUNpkjO0rOQ5byMi.Ye4oKoEa3Ro9llC/.og/at2.uheWG/igi', 'etudiant', 1),
(102, 'coulibaly102@ecole.com', '$2y$10$92IXUNpkjO0rOQ5byMi.Ye4oKoEa3Ro9llC/.og/at2.uheWG/igi', 'etudiant', 1),
(103, 'diane103@ecole.com', '$2y$10$92IXUNpkjO0rOQ5byMi.Ye4oKoEa3Ro9llC/.og/at2.uheWG/igi', 'etudiant', 1),
(104, 'fofana104@ecole.com', '$2y$10$92IXUNpkjO0rOQ5byMi.Ye4oKoEa3Ro9llC/.og/at2.uheWG/igi', 'etudiant', 1),
(105, 'kabore105@ecole.com', '$2y$10$92IXUNpkjO0rOQ5byMi.Ye4oKoEa3Ro9llC/.og/at2.uheWG/igi', 'etudiant', 1),
(106, 'kangah106@ecole.com', '$2y$10$92IXUNpkjO0rOQ5byMi.Ye4oKoEa3Ro9llC/.og/at2.uheWG/igi', 'etudiant', 1),
(107, 'keumahon107@ecole.com', '$2y$10$92IXUNpkjO0rOQ5byMi.Ye4oKoEa3Ro9llC/.og/at2.uheWG/igi', 'etudiant', 1),
(108, 'koffi108@ecole.com', '$2y$10$92IXUNpkjO0rOQ5byMi.Ye4oKoEa3Ro9llC/.og/at2.uheWG/igi', 'etudiant', 1),
(109, 'kone109@ecole.com', '$2y$10$92IXUNpkjO0rOQ5byMi.Ye4oKoEa3Ro9llC/.og/at2.uheWG/igi', 'etudiant', 1),
(110, 'kouassi110@ecole.com', '$2y$10$92IXUNpkjO0rOQ5byMi.Ye4oKoEa3Ro9llC/.og/at2.uheWG/igi', 'etudiant', 1),
(111, 'kouassi111@ecole.com', '$2y$10$92IXUNpkjO0rOQ5byMi.Ye4oKoEa3Ro9llC/.og/at2.uheWG/igi', 'etudiant', 1),
(112, 'ngbesso112@ecole.com', '$2y$10$92IXUNpkjO0rOQ5byMi.Ye4oKoEa3Ro9llC/.og/at2.uheWG/igi', 'etudiant', 1),
(113, 'ochou113@ecole.com', '$2y$10$92IXUNpkjO0rOQ5byMi.Ye4oKoEa3Ro9llC/.og/at2.uheWG/igi', 'etudiant', 1),
(114, 'quattara114@ecole.com', '$2y$10$92IXUNpkjO0rOQ5byMi.Ye4oKoEa3Ro9llC/.og/at2.uheWG/igi', 'etudiant', 1),
(115, 'quattara115@ecole.com', '$2y$10$92IXUNpkjO0rOQ5byMi.Ye4oKoEa3Ro9llC/.og/at2.uheWG/igi', 'etudiant', 1),
(116, 'sagnon116@ecole.com', '$2y$10$92IXUNpkjO0rOQ5byMi.Ye4oKoEa3Ro9llC/.og/at2.uheWG/igi', 'etudiant', 1),
(117, 'serme117@ecole.com', '$2y$10$92IXUNpkjO0rOQ5byMi.Ye4oKoEa3Ro9llC/.og/at2.uheWG/igi', 'etudiant', 1),
(118, 'sorho118@ecole.com', '$2y$10$92IXUNpkjO0rOQ5byMi.Ye4oKoEa3Ro9llC/.og/at2.uheWG/igi', 'etudiant', 1),
(119, 'tie119@ecole.com', '$2y$10$92IXUNpkjO0rOQ5byMi.Ye4oKoEa3Ro9llC/.og/at2.uheWG/igi', 'etudiant', 1),
(120, 'toure120@ecole.com', '$2y$10$92IXUNpkjO0rOQ5byMi.Ye4oKoEa3Ro9llC/.og/at2.uheWG/igi', 'etudiant', 1);

-- 3. Profils Etudiants
INSERT INTO etudiant (id_etudiant, matricule, nom, prenom, fk_user) VALUES 
(101, '24NP00956', 'CISSE', 'YAYA', 101),
(102, '24NP00578', 'COULIBALY', 'ZIE IBRAHIMA', 102),
(103, '24NP00736', 'DIANE', 'MADJARA LARISSA', 103),
(104, '24NP00243', 'FOFANA', 'MAMADOU JUNIOR', 104),
(105, '24NP00893', 'KABORE', 'ISSA', 105),
(106, '24NP00804', 'KANGAH', 'KOUAKOU HENRI JOEL', 106),
(107, '24NP01152', 'KEUMAHON', 'MAHONTO JEAN JACQUES', 107),
(108, '24NP00785', 'KOFFI', 'N\'GUESSAN RAOUL', 108),
(109, '24NP01183', 'KONE', 'HAMED', 109),
(110, '24NP00719', 'KOUASSI', 'FAMIEN WATKE SOURALAIS', 110),
(111, '24NP00910', 'KOUASSI', 'N\'DA HANAN CHRIST MARIANE', 111),
(112, '24NP00759', 'N\'GBESSO', 'CHRIST URIEL JUNIOR', 112),
(113, '24NP00825', 'OCHOU', 'OCHOU JUNIOR ERVIN EMMANUEL', 113),
(114, '24NP00268', 'QUATTARA', 'ABDALLAH', 114),
(115, '24NP00298', 'QUATTARA', 'CHECK ABOUBACAR JUNIOR', 115),
(116, '24NP00649', 'SAGNON', 'NALOUROUGO BRAHIMA JUSTIN', 116),
(117, '24NP00467', 'SERME', 'ISSOUF', 117),
(118, '24NP00152', 'SORHO', 'DONAPORGO DAVID-PAUL', 118),
(119, '24NP00932', 'TIE', 'ARMEL AIME', 119),
(120, '24NP00428', 'TOURE', 'SIE GNINDANFOWA ABDOUL KADER', 120);

-- 4. Inscription à la classe EIT 2
INSERT INTO inscription (fk_etudiant, fk_classe, fk_annee) VALUES 
(101, 10, 2),
(102, 10, 2),
(103, 10, 2),
(104, 10, 2),
(105, 10, 2),
(106, 10, 2),
(107, 10, 2),
(108, 10, 2),
(109, 10, 2),
(110, 10, 2),
(111, 10, 2),
(112, 10, 2),
(113, 10, 2),
(114, 10, 2),
(115, 10, 2),
(116, 10, 2),
(117, 10, 2),
(118, 10, 2),
(119, 10, 2),
(120, 10, 2);

-- 5. Unités d'Enseignements et Cours (ECUE)
INSERT INTO cours (id_cours, ue_nom, libelle, coefficient) VALUES 
(201, 'UE1 : Mathématiques et Physique', 'Optique et photonique', 2),
(202, 'UE1 : Mathématiques et Physique', 'Probabilité 2', 2),
(203, 'UE1 : Mathématiques et Physique', 'Statistiques inférentielles', 1),
(204, 'UE2 : Circuits et Systèmes Electroniques', 'Electronique approfondie', 2),
(205, 'UE2 : Circuits et Systèmes Electroniques', 'CAO Electronique', 1.5),
(206, 'UE2 : Circuits et Systèmes Electroniques', 'Capteurs et actionneurs', 1),
(207, 'UE2 : Circuits et Systèmes Electroniques', 'Conception de Systèmes Electroniques + TP', 2),
(208, 'UE3 : Réseaux et Télécommunications', 'Transmission Analogique et Numérique + TP', 2),
(209, 'UE3 : Réseaux et Télécommunications', 'Réseaux Informatiques 1 + TP', 2),
(210, 'UE3 : Réseaux et Télécommunications', 'Réseaux Mobiles 1', 2),
(211, 'UE4 : Programmation avancée et dev Web', 'Programmation Web 1 + TP', 2),
(212, 'UE4 : Programmation avancée et dev Web', 'Framework web 1', 1),
(213, 'UE4 : Programmation avancée et dev Web', 'BE Electronique', 1),
(214, 'UE5 : Entrepreneuriat et Projet', 'Methodologie de la rédaction de mémoire', 0.5),
(215, 'UE5 : Entrepreneuriat et Projet', 'Projet d\'Application 1', 1.5),
(216, 'UE5 : Entrepreneuriat et Projet', 'Entrepreneuriat', 1),
(217, 'UE6 : Langues, Sc Humaines et Sociales', 'Anglais 3', 2),
(218, 'UE6 : Langues, Sc Humaines et Sociales', 'Management Opérationnel des Ent.', 2),
(219, 'UE6 : Langues, Sc Humaines et Sociales', 'Education Physique et Sportive 3', 2);

-- 5b. Comptes Utilisateurs (Professeurs)
INSERT INTO utilisateur (id_user, email, password_hash, role, actif) VALUES 
(301, 'deroh301@ecole.com', '\$2y\$10\$92IXUNpkjO0rOQ5byMi.Ye4oKoEa3Ro9llC/.og/at2.uheWG/igi', 'professeur', 1),
(302, 'moilo302@ecole.com', '\$2y\$10\$92IXUNpkjO0rOQ5byMi.Ye4oKoEa3Ro9llC/.og/at2.uheWG/igi', 'professeur', 1),
(303, 'mel303@ecole.com', '\$2y\$10\$92IXUNpkjO0rOQ5byMi.Ye4oKoEa3Ro9llC/.og/at2.uheWG/igi', 'professeur', 1),
(304, 'haba304@ecole.com', '\$2y\$10\$92IXUNpkjO0rOQ5byMi.Ye4oKoEa3Ro9llC/.og/at2.uheWG/igi', 'professeur', 1),
(305, 'kossonou305@ecole.com', '\$2y\$10\$92IXUNpkjO0rOQ5byMi.Ye4oKoEa3Ro9llC/.og/at2.uheWG/igi', 'professeur', 1),
(306, 'kone306@ecole.com', '\$2y\$10\$92IXUNpkjO0rOQ5byMi.Ye4oKoEa3Ro9llC/.og/at2.uheWG/igi', 'professeur', 1),
(307, 'gbamele307@ecole.com', '\$2y\$10\$92IXUNpkjO0rOQ5byMi.Ye4oKoEa3Ro9llC/.og/at2.uheWG/igi', 'professeur', 1),
(308, 'kobeman308@ecole.com', '\$2y\$10\$92IXUNpkjO0rOQ5byMi.Ye4oKoEa3Ro9llC/.og/at2.uheWG/igi', 'professeur', 1),
(309, 'coulibaly309@ecole.com', '\$2y\$10\$92IXUNpkjO0rOQ5byMi.Ye4oKoEa3Ro9llC/.og/at2.uheWG/igi', 'professeur', 1),
(310, 'kpo310@ecole.com', '\$2y\$10\$92IXUNpkjO0rOQ5byMi.Ye4oKoEa3Ro9llC/.og/at2.uheWG/igi', 'professeur', 1),
(311, 'dechou311@ecole.com', '\$2y\$10\$92IXUNpkjO0rOQ5byMi.Ye4oKoEa3Ro9llC/.og/at2.uheWG/igi', 'professeur', 1),
(312, 'dpr312@ecole.com', '\$2y\$10\$92IXUNpkjO0rOQ5byMi.Ye4oKoEa3Ro9llC/.og/at2.uheWG/igi', 'professeur', 1),
(313, 'quattara313@ecole.com', '\$2y\$10\$92IXUNpkjO0rOQ5byMi.Ye4oKoEa3Ro9llC/.og/at2.uheWG/igi', 'professeur', 1),
(314, 'angou314@ecole.com', '\$2y\$10\$92IXUNpkjO0rOQ5byMi.Ye4oKoEa3Ro9llC/.og/at2.uheWG/igi', 'professeur', 1),
(315, 'kouao315@ecole.com', '\$2y\$10\$92IXUNpkjO0rOQ5byMi.Ye4oKoEa3Ro9llC/.og/at2.uheWG/igi', 'professeur', 1),
(316, 'koffi316@ecole.com', '\$2y\$10\$92IXUNpkjO0rOQ5byMi.Ye4oKoEa3Ro9llC/.og/at2.uheWG/igi', 'professeur', 1);

-- 5c. Profils Professeurs
INSERT INTO professeur (id_prof, matricule, nom, prenom, specialite, fk_user) VALUES 
(301, 'P001', 'DEROH', 'MOISE', 'Mathématiques et Physique', 301),
(302, 'P002', 'MOILO', 'ROSEINA', 'Mathématiques - Probabilités', 302),
(303, 'P003', 'MEL', 'LOUHOUESS', 'Statistiques', 303),
(304, 'P004', 'HABA', 'CISSE', 'Electronique approfondie', 304),
(305, 'P005', 'KOSSONOU', 'ALVAREZ', 'CAO Electronique et BE Elec', 305),
(306, 'P006', 'KONE', 'SIRKY YOUSSOUF', 'Capteurs et Conception Systèmes', 306),
(307, 'P007', 'GBAMELE', 'FERNAND', 'Transmission Analogique', 307),
(308, 'P008', 'KOBEMAN', 'AU', 'Réseaux Informatiques', 308),
(309, 'P009', 'COULIBALY', 'CHRISTIAN', 'Réseaux Mobiles', 309),
(310, 'P010', 'KPO', 'LOUAGBEU LOUA', 'Programmation Web', 310),
(311, 'P011', 'DECHOU', 'ULRICH', 'Framework Web', 311),
(312, 'P012', 'DPR', 'GEE', 'Méthodologie et Entrepreneuriat', 312),
(313, 'P013', 'QUATTARA', 'COLLESOUMAILA', 'Projet d\'Application', 313),
(314, 'P014', 'ANGOU', 'BEATRICE', 'Anglais', 314),
(315, 'P015', 'KOUAO', 'DARRYL', 'Management Opérationnel', 315),
(316, 'P016', 'KOFFI', 'EUDE', 'Education Physique et Sportive', 316);

-- 5d. Affectation des Professeurs aux Cours (Classe EIT 2, Annee 2025-2026)
INSERT INTO affectation_cours (fk_prof, fk_cours, fk_classe, fk_annee) VALUES 
(301, 201, 10, 2),
(302, 202, 10, 2),
(303, 203, 10, 2),
(304, 204, 10, 2),
(305, 205, 10, 2),
(305, 213, 10, 2),
(306, 206, 10, 2),
(306, 207, 10, 2),
(307, 208, 10, 2),
(308, 209, 10, 2),
(309, 210, 10, 2),
(310, 211, 10, 2),
(311, 212, 10, 2),
(312, 214, 10, 2),
(312, 216, 10, 2),
(313, 215, 10, 2),
(314, 217, 10, 2),
(315, 218, 10, 2),
(316, 219, 10, 2);

-- 6. Insertion des Notes Exactes (Extraites de la Planche)
INSERT INTO note (valeur, type_evaluation, date_evaluation, fk_etudiant, fk_cours, fk_annee) VALUES 
(14.75, 'Semestre 3', CURRENT_DATE, 101, 201, 2),
(18.5, 'Semestre 3', CURRENT_DATE, 101, 202, 2),
(16.4, 'Semestre 3', CURRENT_DATE, 101, 203, 2),
(11.4, 'Semestre 3', CURRENT_DATE, 101, 204, 2),
(13.5, 'Semestre 3', CURRENT_DATE, 101, 205, 2),
(17.3, 'Semestre 3', CURRENT_DATE, 101, 206, 2),
(17.63, 'Semestre 3', CURRENT_DATE, 101, 207, 2),
(16.9, 'Semestre 3', CURRENT_DATE, 101, 208, 2),
(15.4, 'Semestre 3', CURRENT_DATE, 101, 209, 2),
(15, 'Semestre 3', CURRENT_DATE, 101, 210, 2),
(17.13, 'Semestre 3', CURRENT_DATE, 101, 211, 2),
(16.25, 'Semestre 3', CURRENT_DATE, 101, 212, 2),
(15, 'Semestre 3', CURRENT_DATE, 101, 213, 2),
(16, 'Semestre 3', CURRENT_DATE, 101, 214, 2),
(15.5, 'Semestre 3', CURRENT_DATE, 101, 215, 2),
(14.5, 'Semestre 3', CURRENT_DATE, 101, 216, 2),
(16, 'Semestre 3', CURRENT_DATE, 101, 217, 2),
(12.25, 'Semestre 3', CURRENT_DATE, 101, 218, 2),
(15, 'Semestre 3', CURRENT_DATE, 101, 219, 2),
(12.67, 'Semestre 3', CURRENT_DATE, 102, 201, 2),
(12.83, 'Semestre 3', CURRENT_DATE, 102, 202, 2),
(11.2, 'Semestre 3', CURRENT_DATE, 102, 203, 2),
(8.71, 'Semestre 3', CURRENT_DATE, 102, 204, 2),
(12, 'Semestre 3', CURRENT_DATE, 102, 205, 2),
(14.2, 'Semestre 3', CURRENT_DATE, 102, 206, 2),
(11.13, 'Semestre 3', CURRENT_DATE, 102, 207, 2),
(14.1, 'Semestre 3', CURRENT_DATE, 102, 208, 2),
(14.2, 'Semestre 3', CURRENT_DATE, 102, 209, 2),
(15.5, 'Semestre 3', CURRENT_DATE, 102, 210, 2),
(16.13, 'Semestre 3', CURRENT_DATE, 102, 211, 2),
(13, 'Semestre 3', CURRENT_DATE, 102, 212, 2),
(14.17, 'Semestre 3', CURRENT_DATE, 102, 213, 2),
(16, 'Semestre 3', CURRENT_DATE, 102, 214, 2),
(15.5, 'Semestre 3', CURRENT_DATE, 102, 215, 2),
(15.5, 'Semestre 3', CURRENT_DATE, 102, 216, 2),
(11.5, 'Semestre 3', CURRENT_DATE, 102, 217, 2),
(11.75, 'Semestre 3', CURRENT_DATE, 102, 218, 2),
(14, 'Semestre 3', CURRENT_DATE, 102, 219, 2),
(13.08, 'Semestre 3', CURRENT_DATE, 103, 201, 2),
(17.5, 'Semestre 3', CURRENT_DATE, 103, 202, 2),
(8.8, 'Semestre 3', CURRENT_DATE, 103, 203, 2),
(10.4, 'Semestre 3', CURRENT_DATE, 103, 204, 2),
(14.25, 'Semestre 3', CURRENT_DATE, 103, 205, 2),
(16.8, 'Semestre 3', CURRENT_DATE, 103, 206, 2),
(17.63, 'Semestre 3', CURRENT_DATE, 103, 207, 2),
(16.2, 'Semestre 3', CURRENT_DATE, 103, 208, 2),
(14.4, 'Semestre 3', CURRENT_DATE, 103, 209, 2),
(16.5, 'Semestre 3', CURRENT_DATE, 103, 210, 2),
(17.25, 'Semestre 3', CURRENT_DATE, 103, 211, 2),
(16.25, 'Semestre 3', CURRENT_DATE, 103, 212, 2),
(13.17, 'Semestre 3', CURRENT_DATE, 103, 213, 2),
(15, 'Semestre 3', CURRENT_DATE, 103, 214, 2),
(14, 'Semestre 3', CURRENT_DATE, 103, 215, 2),
(17, 'Semestre 3', CURRENT_DATE, 103, 216, 2),
(16.5, 'Semestre 3', CURRENT_DATE, 103, 217, 2),
(12.25, 'Semestre 3', CURRENT_DATE, 103, 218, 2),
(15.5, 'Semestre 3', CURRENT_DATE, 103, 219, 2),
(14.08, 'Semestre 3', CURRENT_DATE, 104, 201, 2),
(13.67, 'Semestre 3', CURRENT_DATE, 104, 202, 2),
(8.9, 'Semestre 3', CURRENT_DATE, 104, 203, 2),
(8, 'Semestre 3', CURRENT_DATE, 104, 204, 2),
(15, 'Semestre 3', CURRENT_DATE, 104, 205, 2),
(16.7, 'Semestre 3', CURRENT_DATE, 104, 206, 2),
(12.13, 'Semestre 3', CURRENT_DATE, 104, 207, 2),
(16.4, 'Semestre 3', CURRENT_DATE, 104, 208, 2),
(14, 'Semestre 3', CURRENT_DATE, 104, 209, 2),
(15, 'Semestre 3', CURRENT_DATE, 104, 210, 2),
(16.5, 'Semestre 3', CURRENT_DATE, 104, 211, 2),
(15, 'Semestre 3', CURRENT_DATE, 104, 212, 2),
(16.5, 'Semestre 3', CURRENT_DATE, 104, 213, 2),
(14, 'Semestre 3', CURRENT_DATE, 104, 214, 2),
(13, 'Semestre 3', CURRENT_DATE, 104, 215, 2),
(14.5, 'Semestre 3', CURRENT_DATE, 104, 216, 2),
(12, 'Semestre 3', CURRENT_DATE, 104, 217, 2),
(14.75, 'Semestre 3', CURRENT_DATE, 104, 218, 2),
(15.5, 'Semestre 3', CURRENT_DATE, 104, 219, 2),
(10.67, 'Semestre 3', CURRENT_DATE, 105, 201, 2),
(9.64, 'Semestre 3', CURRENT_DATE, 105, 202, 2),
(15.77, 'Semestre 3', CURRENT_DATE, 105, 203, 2),
(12.68, 'Semestre 3', CURRENT_DATE, 105, 204, 2),
(13.53, 'Semestre 3', CURRENT_DATE, 105, 205, 2),
(13.29, 'Semestre 3', CURRENT_DATE, 105, 206, 2),
(17.69, 'Semestre 3', CURRENT_DATE, 105, 207, 2),
(11.33, 'Semestre 3', CURRENT_DATE, 105, 208, 2),
(16.07, 'Semestre 3', CURRENT_DATE, 105, 209, 2),
(9.23, 'Semestre 3', CURRENT_DATE, 105, 210, 2),
(15.53, 'Semestre 3', CURRENT_DATE, 105, 211, 2),
(12.42, 'Semestre 3', CURRENT_DATE, 105, 212, 2),
(15.22, 'Semestre 3', CURRENT_DATE, 105, 213, 2),
(10.00, 'Semestre 3', CURRENT_DATE, 105, 214, 2),
(17.23, 'Semestre 3', CURRENT_DATE, 105, 215, 2),
(16.72, 'Semestre 3', CURRENT_DATE, 105, 216, 2),
(17.73, 'Semestre 3', CURRENT_DATE, 105, 217, 2),
(12.01, 'Semestre 3', CURRENT_DATE, 105, 218, 2),
(9.55, 'Semestre 3', CURRENT_DATE, 105, 219, 2),
(14.41, 'Semestre 3', CURRENT_DATE, 106, 201, 2),
(10.65, 'Semestre 3', CURRENT_DATE, 106, 202, 2),
(12.99, 'Semestre 3', CURRENT_DATE, 106, 203, 2),
(16.53, 'Semestre 3', CURRENT_DATE, 106, 204, 2),
(9.32, 'Semestre 3', CURRENT_DATE, 106, 205, 2),
(10.40, 'Semestre 3', CURRENT_DATE, 106, 206, 2),
(12.14, 'Semestre 3', CURRENT_DATE, 106, 207, 2),
(15.35, 'Semestre 3', CURRENT_DATE, 106, 208, 2),
(16.10, 'Semestre 3', CURRENT_DATE, 106, 209, 2),
(12.56, 'Semestre 3', CURRENT_DATE, 106, 210, 2),
(11.30, 'Semestre 3', CURRENT_DATE, 106, 211, 2),
(11.90, 'Semestre 3', CURRENT_DATE, 106, 212, 2),
(13.78, 'Semestre 3', CURRENT_DATE, 106, 213, 2),
(12.60, 'Semestre 3', CURRENT_DATE, 106, 214, 2),
(14.60, 'Semestre 3', CURRENT_DATE, 106, 215, 2),
(10.37, 'Semestre 3', CURRENT_DATE, 106, 216, 2),
(10.61, 'Semestre 3', CURRENT_DATE, 106, 217, 2),
(12.28, 'Semestre 3', CURRENT_DATE, 106, 218, 2),
(11.84, 'Semestre 3', CURRENT_DATE, 106, 219, 2),
(10.59, 'Semestre 3', CURRENT_DATE, 107, 201, 2),
(14.80, 'Semestre 3', CURRENT_DATE, 107, 202, 2),
(10.39, 'Semestre 3', CURRENT_DATE, 107, 203, 2),
(13.42, 'Semestre 3', CURRENT_DATE, 107, 204, 2),
(16.19, 'Semestre 3', CURRENT_DATE, 107, 205, 2),
(16.14, 'Semestre 3', CURRENT_DATE, 107, 206, 2),
(12.71, 'Semestre 3', CURRENT_DATE, 107, 207, 2),
(15.59, 'Semestre 3', CURRENT_DATE, 107, 208, 2),
(9.15, 'Semestre 3', CURRENT_DATE, 107, 209, 2),
(15.52, 'Semestre 3', CURRENT_DATE, 107, 210, 2),
(14.20, 'Semestre 3', CURRENT_DATE, 107, 211, 2),
(15.36, 'Semestre 3', CURRENT_DATE, 107, 212, 2),
(9.60, 'Semestre 3', CURRENT_DATE, 107, 213, 2),
(14.46, 'Semestre 3', CURRENT_DATE, 107, 214, 2),
(12.54, 'Semestre 3', CURRENT_DATE, 107, 215, 2),
(13.92, 'Semestre 3', CURRENT_DATE, 107, 216, 2),
(12.92, 'Semestre 3', CURRENT_DATE, 107, 217, 2),
(12.85, 'Semestre 3', CURRENT_DATE, 107, 218, 2),
(16.38, 'Semestre 3', CURRENT_DATE, 107, 219, 2),
(12.79, 'Semestre 3', CURRENT_DATE, 108, 201, 2),
(14.39, 'Semestre 3', CURRENT_DATE, 108, 202, 2),
(11.93, 'Semestre 3', CURRENT_DATE, 108, 203, 2),
(14.92, 'Semestre 3', CURRENT_DATE, 108, 204, 2),
(17.74, 'Semestre 3', CURRENT_DATE, 108, 205, 2),
(16.82, 'Semestre 3', CURRENT_DATE, 108, 206, 2),
(10.81, 'Semestre 3', CURRENT_DATE, 108, 207, 2),
(17.00, 'Semestre 3', CURRENT_DATE, 108, 208, 2),
(14.67, 'Semestre 3', CURRENT_DATE, 108, 209, 2),
(13.56, 'Semestre 3', CURRENT_DATE, 108, 210, 2),
(14.58, 'Semestre 3', CURRENT_DATE, 108, 211, 2),
(12.04, 'Semestre 3', CURRENT_DATE, 108, 212, 2),
(15.52, 'Semestre 3', CURRENT_DATE, 108, 213, 2),
(10.49, 'Semestre 3', CURRENT_DATE, 108, 214, 2),
(10.44, 'Semestre 3', CURRENT_DATE, 108, 215, 2),
(13.51, 'Semestre 3', CURRENT_DATE, 108, 216, 2),
(12.13, 'Semestre 3', CURRENT_DATE, 108, 217, 2),
(14.84, 'Semestre 3', CURRENT_DATE, 108, 218, 2),
(16.14, 'Semestre 3', CURRENT_DATE, 108, 219, 2),
(11.34, 'Semestre 3', CURRENT_DATE, 109, 201, 2),
(13.04, 'Semestre 3', CURRENT_DATE, 109, 202, 2),
(11.51, 'Semestre 3', CURRENT_DATE, 109, 203, 2),
(12.53, 'Semestre 3', CURRENT_DATE, 109, 204, 2),
(12.05, 'Semestre 3', CURRENT_DATE, 109, 205, 2),
(17.55, 'Semestre 3', CURRENT_DATE, 109, 206, 2),
(17.74, 'Semestre 3', CURRENT_DATE, 109, 207, 2),
(16.61, 'Semestre 3', CURRENT_DATE, 109, 208, 2),
(10.20, 'Semestre 3', CURRENT_DATE, 109, 209, 2),
(11.57, 'Semestre 3', CURRENT_DATE, 109, 210, 2),
(9.22, 'Semestre 3', CURRENT_DATE, 109, 211, 2),
(11.26, 'Semestre 3', CURRENT_DATE, 109, 212, 2),
(14.23, 'Semestre 3', CURRENT_DATE, 109, 213, 2),
(11.41, 'Semestre 3', CURRENT_DATE, 109, 214, 2),
(15.18, 'Semestre 3', CURRENT_DATE, 109, 215, 2),
(13.08, 'Semestre 3', CURRENT_DATE, 109, 216, 2),
(16.85, 'Semestre 3', CURRENT_DATE, 109, 217, 2),
(10.42, 'Semestre 3', CURRENT_DATE, 109, 218, 2),
(11.76, 'Semestre 3', CURRENT_DATE, 109, 219, 2),
(12.45, 'Semestre 3', CURRENT_DATE, 110, 201, 2),
(11.15, 'Semestre 3', CURRENT_DATE, 110, 202, 2),
(15.42, 'Semestre 3', CURRENT_DATE, 110, 203, 2),
(17.07, 'Semestre 3', CURRENT_DATE, 110, 204, 2),
(10.25, 'Semestre 3', CURRENT_DATE, 110, 205, 2),
(10.71, 'Semestre 3', CURRENT_DATE, 110, 206, 2),
(12.51, 'Semestre 3', CURRENT_DATE, 110, 207, 2),
(9.80, 'Semestre 3', CURRENT_DATE, 110, 208, 2),
(17.07, 'Semestre 3', CURRENT_DATE, 110, 209, 2),
(9.35, 'Semestre 3', CURRENT_DATE, 110, 210, 2),
(16.98, 'Semestre 3', CURRENT_DATE, 110, 211, 2),
(11.81, 'Semestre 3', CURRENT_DATE, 110, 212, 2),
(12.77, 'Semestre 3', CURRENT_DATE, 110, 213, 2),
(11.78, 'Semestre 3', CURRENT_DATE, 110, 214, 2),
(14.60, 'Semestre 3', CURRENT_DATE, 110, 215, 2),
(11.78, 'Semestre 3', CURRENT_DATE, 110, 216, 2),
(12.77, 'Semestre 3', CURRENT_DATE, 110, 217, 2),
(14.50, 'Semestre 3', CURRENT_DATE, 110, 218, 2),
(9.58, 'Semestre 3', CURRENT_DATE, 110, 219, 2),
(15.18, 'Semestre 3', CURRENT_DATE, 111, 201, 2),
(11.23, 'Semestre 3', CURRENT_DATE, 111, 202, 2),
(11.52, 'Semestre 3', CURRENT_DATE, 111, 203, 2),
(16.17, 'Semestre 3', CURRENT_DATE, 111, 204, 2),
(13.47, 'Semestre 3', CURRENT_DATE, 111, 205, 2),
(14.30, 'Semestre 3', CURRENT_DATE, 111, 206, 2),
(15.99, 'Semestre 3', CURRENT_DATE, 111, 207, 2),
(9.93, 'Semestre 3', CURRENT_DATE, 111, 208, 2),
(14.60, 'Semestre 3', CURRENT_DATE, 111, 209, 2),
(14.07, 'Semestre 3', CURRENT_DATE, 111, 210, 2),
(17.72, 'Semestre 3', CURRENT_DATE, 111, 211, 2),
(10.11, 'Semestre 3', CURRENT_DATE, 111, 212, 2),
(13.25, 'Semestre 3', CURRENT_DATE, 111, 213, 2),
(11.67, 'Semestre 3', CURRENT_DATE, 111, 214, 2),
(16.19, 'Semestre 3', CURRENT_DATE, 111, 215, 2),
(14.06, 'Semestre 3', CURRENT_DATE, 111, 216, 2),
(15.80, 'Semestre 3', CURRENT_DATE, 111, 217, 2),
(11.43, 'Semestre 3', CURRENT_DATE, 111, 218, 2),
(13.22, 'Semestre 3', CURRENT_DATE, 111, 219, 2),
(13.90, 'Semestre 3', CURRENT_DATE, 112, 201, 2),
(14.65, 'Semestre 3', CURRENT_DATE, 112, 202, 2),
(17.44, 'Semestre 3', CURRENT_DATE, 112, 203, 2),
(9.19, 'Semestre 3', CURRENT_DATE, 112, 204, 2),
(17.32, 'Semestre 3', CURRENT_DATE, 112, 205, 2),
(12.56, 'Semestre 3', CURRENT_DATE, 112, 206, 2),
(14.42, 'Semestre 3', CURRENT_DATE, 112, 207, 2),
(13.99, 'Semestre 3', CURRENT_DATE, 112, 208, 2),
(16.71, 'Semestre 3', CURRENT_DATE, 112, 209, 2),
(16.33, 'Semestre 3', CURRENT_DATE, 112, 210, 2),
(15.71, 'Semestre 3', CURRENT_DATE, 112, 211, 2),
(11.10, 'Semestre 3', CURRENT_DATE, 112, 212, 2),
(11.90, 'Semestre 3', CURRENT_DATE, 112, 213, 2),
(11.13, 'Semestre 3', CURRENT_DATE, 112, 214, 2),
(12.54, 'Semestre 3', CURRENT_DATE, 112, 215, 2),
(10.49, 'Semestre 3', CURRENT_DATE, 112, 216, 2),
(12.96, 'Semestre 3', CURRENT_DATE, 112, 217, 2),
(14.10, 'Semestre 3', CURRENT_DATE, 112, 218, 2),
(15.69, 'Semestre 3', CURRENT_DATE, 112, 219, 2),
(15.86, 'Semestre 3', CURRENT_DATE, 113, 201, 2),
(17.15, 'Semestre 3', CURRENT_DATE, 113, 202, 2),
(11.11, 'Semestre 3', CURRENT_DATE, 113, 203, 2),
(12.39, 'Semestre 3', CURRENT_DATE, 113, 204, 2),
(15.60, 'Semestre 3', CURRENT_DATE, 113, 205, 2),
(9.76, 'Semestre 3', CURRENT_DATE, 113, 206, 2),
(12.33, 'Semestre 3', CURRENT_DATE, 113, 207, 2),
(15.62, 'Semestre 3', CURRENT_DATE, 113, 208, 2),
(13.75, 'Semestre 3', CURRENT_DATE, 113, 209, 2),
(14.54, 'Semestre 3', CURRENT_DATE, 113, 210, 2),
(11.92, 'Semestre 3', CURRENT_DATE, 113, 211, 2),
(10.67, 'Semestre 3', CURRENT_DATE, 113, 212, 2),
(13.45, 'Semestre 3', CURRENT_DATE, 113, 213, 2),
(11.43, 'Semestre 3', CURRENT_DATE, 113, 214, 2),
(9.21, 'Semestre 3', CURRENT_DATE, 113, 215, 2),
(17.36, 'Semestre 3', CURRENT_DATE, 113, 216, 2),
(10.77, 'Semestre 3', CURRENT_DATE, 113, 217, 2),
(16.92, 'Semestre 3', CURRENT_DATE, 113, 218, 2),
(9.28, 'Semestre 3', CURRENT_DATE, 113, 219, 2),
(16.82, 'Semestre 3', CURRENT_DATE, 114, 201, 2),
(13.40, 'Semestre 3', CURRENT_DATE, 114, 202, 2),
(11.48, 'Semestre 3', CURRENT_DATE, 114, 203, 2),
(10.83, 'Semestre 3', CURRENT_DATE, 114, 204, 2),
(15.49, 'Semestre 3', CURRENT_DATE, 114, 205, 2),
(17.02, 'Semestre 3', CURRENT_DATE, 114, 206, 2),
(14.85, 'Semestre 3', CURRENT_DATE, 114, 207, 2),
(17.84, 'Semestre 3', CURRENT_DATE, 114, 208, 2),
(12.42, 'Semestre 3', CURRENT_DATE, 114, 209, 2),
(11.10, 'Semestre 3', CURRENT_DATE, 114, 210, 2),
(11.53, 'Semestre 3', CURRENT_DATE, 114, 211, 2),
(9.92, 'Semestre 3', CURRENT_DATE, 114, 212, 2),
(9.46, 'Semestre 3', CURRENT_DATE, 114, 213, 2),
(16.08, 'Semestre 3', CURRENT_DATE, 114, 214, 2),
(15.48, 'Semestre 3', CURRENT_DATE, 114, 215, 2),
(16.71, 'Semestre 3', CURRENT_DATE, 114, 216, 2),
(15.54, 'Semestre 3', CURRENT_DATE, 114, 217, 2),
(13.91, 'Semestre 3', CURRENT_DATE, 114, 218, 2),
(15.78, 'Semestre 3', CURRENT_DATE, 114, 219, 2),
(15.41, 'Semestre 3', CURRENT_DATE, 115, 201, 2),
(11.70, 'Semestre 3', CURRENT_DATE, 115, 202, 2),
(14.09, 'Semestre 3', CURRENT_DATE, 115, 203, 2),
(12.60, 'Semestre 3', CURRENT_DATE, 115, 204, 2),
(11.08, 'Semestre 3', CURRENT_DATE, 115, 205, 2),
(10.97, 'Semestre 3', CURRENT_DATE, 115, 206, 2),
(12.40, 'Semestre 3', CURRENT_DATE, 115, 207, 2),
(13.32, 'Semestre 3', CURRENT_DATE, 115, 208, 2),
(12.22, 'Semestre 3', CURRENT_DATE, 115, 209, 2),
(15.32, 'Semestre 3', CURRENT_DATE, 115, 210, 2),
(10.24, 'Semestre 3', CURRENT_DATE, 115, 211, 2),
(15.72, 'Semestre 3', CURRENT_DATE, 115, 212, 2),
(13.06, 'Semestre 3', CURRENT_DATE, 115, 213, 2),
(13.21, 'Semestre 3', CURRENT_DATE, 115, 214, 2),
(9.31, 'Semestre 3', CURRENT_DATE, 115, 215, 2),
(10.65, 'Semestre 3', CURRENT_DATE, 115, 216, 2),
(15.01, 'Semestre 3', CURRENT_DATE, 115, 217, 2),
(16.17, 'Semestre 3', CURRENT_DATE, 115, 218, 2),
(11.98, 'Semestre 3', CURRENT_DATE, 115, 219, 2),
(17.94, 'Semestre 3', CURRENT_DATE, 116, 201, 2),
(16.96, 'Semestre 3', CURRENT_DATE, 116, 202, 2),
(13.93, 'Semestre 3', CURRENT_DATE, 116, 203, 2),
(13.77, 'Semestre 3', CURRENT_DATE, 116, 204, 2),
(10.65, 'Semestre 3', CURRENT_DATE, 116, 205, 2),
(14.57, 'Semestre 3', CURRENT_DATE, 116, 206, 2),
(13.51, 'Semestre 3', CURRENT_DATE, 116, 207, 2),
(17.64, 'Semestre 3', CURRENT_DATE, 116, 208, 2),
(14.64, 'Semestre 3', CURRENT_DATE, 116, 209, 2),
(9.89, 'Semestre 3', CURRENT_DATE, 116, 210, 2),
(14.72, 'Semestre 3', CURRENT_DATE, 116, 211, 2),
(13.17, 'Semestre 3', CURRENT_DATE, 116, 212, 2),
(10.20, 'Semestre 3', CURRENT_DATE, 116, 213, 2),
(16.70, 'Semestre 3', CURRENT_DATE, 116, 214, 2),
(15.46, 'Semestre 3', CURRENT_DATE, 116, 215, 2),
(15.42, 'Semestre 3', CURRENT_DATE, 116, 216, 2),
(10.66, 'Semestre 3', CURRENT_DATE, 116, 217, 2),
(14.42, 'Semestre 3', CURRENT_DATE, 116, 218, 2),
(13.88, 'Semestre 3', CURRENT_DATE, 116, 219, 2),
(9.01, 'Semestre 3', CURRENT_DATE, 117, 201, 2),
(12.13, 'Semestre 3', CURRENT_DATE, 117, 202, 2),
(9.86, 'Semestre 3', CURRENT_DATE, 117, 203, 2),
(10.54, 'Semestre 3', CURRENT_DATE, 117, 204, 2),
(15.73, 'Semestre 3', CURRENT_DATE, 117, 205, 2),
(17.50, 'Semestre 3', CURRENT_DATE, 117, 206, 2),
(13.60, 'Semestre 3', CURRENT_DATE, 117, 207, 2),
(9.84, 'Semestre 3', CURRENT_DATE, 117, 208, 2),
(14.48, 'Semestre 3', CURRENT_DATE, 117, 209, 2),
(9.08, 'Semestre 3', CURRENT_DATE, 117, 210, 2),
(17.40, 'Semestre 3', CURRENT_DATE, 117, 211, 2),
(10.86, 'Semestre 3', CURRENT_DATE, 117, 212, 2),
(17.66, 'Semestre 3', CURRENT_DATE, 117, 213, 2),
(11.02, 'Semestre 3', CURRENT_DATE, 117, 214, 2),
(9.59, 'Semestre 3', CURRENT_DATE, 117, 215, 2),
(11.32, 'Semestre 3', CURRENT_DATE, 117, 216, 2),
(12.58, 'Semestre 3', CURRENT_DATE, 117, 217, 2),
(13.03, 'Semestre 3', CURRENT_DATE, 117, 218, 2),
(13.04, 'Semestre 3', CURRENT_DATE, 117, 219, 2),
(11.84, 'Semestre 3', CURRENT_DATE, 118, 201, 2),
(11.87, 'Semestre 3', CURRENT_DATE, 118, 202, 2),
(17.48, 'Semestre 3', CURRENT_DATE, 118, 203, 2),
(17.46, 'Semestre 3', CURRENT_DATE, 118, 204, 2),
(12.29, 'Semestre 3', CURRENT_DATE, 118, 205, 2),
(10.42, 'Semestre 3', CURRENT_DATE, 118, 206, 2),
(17.40, 'Semestre 3', CURRENT_DATE, 118, 207, 2),
(12.33, 'Semestre 3', CURRENT_DATE, 118, 208, 2),
(16.13, 'Semestre 3', CURRENT_DATE, 118, 209, 2),
(10.47, 'Semestre 3', CURRENT_DATE, 118, 210, 2),
(13.84, 'Semestre 3', CURRENT_DATE, 118, 211, 2),
(14.43, 'Semestre 3', CURRENT_DATE, 118, 212, 2),
(13.09, 'Semestre 3', CURRENT_DATE, 118, 213, 2),
(10.46, 'Semestre 3', CURRENT_DATE, 118, 214, 2),
(16.74, 'Semestre 3', CURRENT_DATE, 118, 215, 2),
(17.82, 'Semestre 3', CURRENT_DATE, 118, 216, 2),
(16.23, 'Semestre 3', CURRENT_DATE, 118, 217, 2),
(15.63, 'Semestre 3', CURRENT_DATE, 118, 218, 2),
(16.33, 'Semestre 3', CURRENT_DATE, 118, 219, 2),
(9.24, 'Semestre 3', CURRENT_DATE, 119, 201, 2),
(15.58, 'Semestre 3', CURRENT_DATE, 119, 202, 2),
(14.28, 'Semestre 3', CURRENT_DATE, 119, 203, 2),
(16.14, 'Semestre 3', CURRENT_DATE, 119, 204, 2),
(17.11, 'Semestre 3', CURRENT_DATE, 119, 205, 2),
(13.14, 'Semestre 3', CURRENT_DATE, 119, 206, 2),
(9.80, 'Semestre 3', CURRENT_DATE, 119, 207, 2),
(15.78, 'Semestre 3', CURRENT_DATE, 119, 208, 2),
(13.03, 'Semestre 3', CURRENT_DATE, 119, 209, 2),
(14.33, 'Semestre 3', CURRENT_DATE, 119, 210, 2),
(11.69, 'Semestre 3', CURRENT_DATE, 119, 211, 2),
(13.63, 'Semestre 3', CURRENT_DATE, 119, 212, 2),
(9.27, 'Semestre 3', CURRENT_DATE, 119, 213, 2),
(16.34, 'Semestre 3', CURRENT_DATE, 119, 214, 2),
(15.08, 'Semestre 3', CURRENT_DATE, 119, 215, 2),
(17.15, 'Semestre 3', CURRENT_DATE, 119, 216, 2),
(9.94, 'Semestre 3', CURRENT_DATE, 119, 217, 2),
(10.11, 'Semestre 3', CURRENT_DATE, 119, 218, 2),
(14.82, 'Semestre 3', CURRENT_DATE, 119, 219, 2),
(9.92, 'Semestre 3', CURRENT_DATE, 120, 201, 2),
(12.33, 'Semestre 3', CURRENT_DATE, 120, 202, 2),
(12.64, 'Semestre 3', CURRENT_DATE, 120, 203, 2),
(11.18, 'Semestre 3', CURRENT_DATE, 120, 204, 2),
(17.09, 'Semestre 3', CURRENT_DATE, 120, 205, 2),
(12.76, 'Semestre 3', CURRENT_DATE, 120, 206, 2),
(13.66, 'Semestre 3', CURRENT_DATE, 120, 207, 2),
(17.15, 'Semestre 3', CURRENT_DATE, 120, 208, 2),
(17.93, 'Semestre 3', CURRENT_DATE, 120, 209, 2),
(10.36, 'Semestre 3', CURRENT_DATE, 120, 210, 2),
(14.04, 'Semestre 3', CURRENT_DATE, 120, 211, 2),
(17.82, 'Semestre 3', CURRENT_DATE, 120, 212, 2),
(9.15, 'Semestre 3', CURRENT_DATE, 120, 213, 2),
(14.63, 'Semestre 3', CURRENT_DATE, 120, 214, 2),
(9.01, 'Semestre 3', CURRENT_DATE, 120, 215, 2),
(15.75, 'Semestre 3', CURRENT_DATE, 120, 216, 2),
(12.41, 'Semestre 3', CURRENT_DATE, 120, 217, 2),
(16.73, 'Semestre 3', CURRENT_DATE, 120, 218, 2),
(13.33, 'Semestre 3', CURRENT_DATE, 120, 219, 2);

-- FIN DU SCRIPT
